Comp,Epsilon,Material ID,cm0,cm1,cm2,AvgElectron,sTot,pTot,dTot,fTot,NAtom,AvgIonicRad,DevIonicRad,VolumeAverageMass,AverageMass,DevMass,RedMass,AvgENeg,DiffENeg,DevENeg,AvgDipole,DevDipole,DiffDipole,TotalVolume,totalAtoms,density,OmegaAvg,OmegaDev,OmegaMax,OmegaMin,eHull,formE,gap,symm,lattA,lattB,lattC,lattAlpha,lattBeta,lattGamma
Ag3AsS3,16.5,mp-561620,11453.62542,5911.285483,5892.712617,2.302240015,1.571428571,2.142857143,5.714285714,0,28,115.8571429,59.08693008,278.1010635,70.67231357,35.13522972,7.4220562,2.244285714,0.65,0.302033922,37.44142857,13.13817059,27.57,1.778872,7,5.206250121,0.002871937,0.000296255,0.003282684,0.002504027,0,-0.387118175,1.7217,Monoclinic,6.408994158,6.886084652,16.47310931,85.28417158,78.78278999,62.26658693
AgCN,12.44,mp-9519,5161.179736,73.12376964,8.25745055,3.84122351,1.666666667,1.666666667,3.333333333,0,3,68.33333333,62.87730557,296.323593,44.62873333,44.72447959,6.100519646,2.506666667,1.11,0.454190366,26.87666667,18.8717184,44.9,0.4518243,3,3.097365134,0.004318897,0.000972433,0.005425635,0.002761962,0.341669376,0.341669376,3.6446,Trigonal,4.340431705,4.340431706,4.340431697,104.8118888,104.8118888,104.8118889
AgNO3,9.5,mp-552185,5737.047064,4622.325908,194.657095,3.849611155,1.8,3,2,0,10,123.6,28.61887489,370.2091316,33.97444,36.95493406,3.728906036,3.058,1.51,0.584889733,15.164,18.69036286,47.26,0.4588547,5,4.141339108,0.008434284,0.002322341,0.010448649,0.00353273,0,-0.770075096,1.8539,Trigonal,6.481331834,6.481339239,6.481295279,47.67122269,47.67091066,47.67141757
NaAg(NO2)2,4.5,mp-558460,5740.242225,4648.76743,317.4746886,2.144687283,1.75,2.75,1.25,0,16,124.75,25.79122913,178.2821096,27.85849616,30.35534487,2.244318496,2.8375,2.51,0.865747509,31.42,51.90756111,157.46,1.250086,8,3.032462477,0.009807474,0.0034915,0.013468171,0.00239569,0.090744393,-0.980132691,2.2443,Orthorhombic,6.722920908,6.722920598,6.925713894,110.8327516,110.8327506,105.5014123
Al2Si(O2F)2,6.62,mp-6280,1258.977285,333.2032591,311.3943957,2.354905612,2,3.333333333,0,0,36,100.1111111,46.47865566,191.3650356,20.44898704,5.023003494,2.150451688,2.982222222,2.37,0.928951354,17.51888889,18.25450717,42.3,0.9617268,9,3.437625026,0.010973143,0.004088752,0.016876673,0.004278554,0,-3.54782511,5.6953,Orthorhombic,4.70801455,8.49746302,8.8887918,90,90,90
Al2O3,9.34,mp-1143,585.1466145,191.4653562,184.7730611,2.682150815,2,2.8,0,0,10,96.6,47.03020306,152.8112421,20.3920154,5.380323081,3.822097023,2.708,1.83,0.896513246,21.544,19.96824038,40.76,0.6672289,5,3.873499296,0.007309428,0.002972861,0.010320483,0.003209305,0,-3.442156073,5.8537,Trigonal,5.177954579,5.177954085,5.177955825,55.28962816,55.28960686,55.28959369
AlPO4,6.05,mp-7848,477.4176928,210.3799648,48.20142778,2.952083626,2,3.333333333,0,0,6,103.8333333,44.09994961,199.2714219,20.32521675,6.22578965,3.131229236,2.926666667,1.83,0.745020507,15.315,15.49214828,40.76,0.6119859,6,2.103307794,0.009143735,0.002824679,0.011402326,0.00354572,0,-3.138482889,5.6637,Tetragonal,5.177224134,5.177224136,5.177224137,87.93822639,121.1974196,121.1974196
BaCO3,8.53,mp-5504,9959.132029,7251.797027,7247.859586,1.958143773,2,2.8,0,0,20,106.4,57.2,157.6347762,39.467,48.95437183,3.596467395,2.752,2.55,0.992761804,60.85,103.744148,262.76,1.2518494,5,4.099746372,0.007960753,0.003182216,0.010639294,0.001584488,0,-2.696144611,4.3837,Orthorhombic,5.37774023,6.59571539,9.01356166,90,90,90
BaH2(CO2)2,9,mp-690851,9909.803632,7382.839049,7285.154423,1.659036059,1.777777778,2.222222222,0,0,36,64.77777778,79.14512377,156.4471407,25.26233333,40.04090677,0.415292994,2.683333333,2.55,0.817108724,37.67046832,81.68084407,263.4928926,1.4532768,9,3.125280364,0.023124976,0.007457947,0.031309315,0.004662832,0.134628801,-1.82684048,4.6763,Orthorhombic,9.08559185,7.70586604,6.90181066,90,90,90
BaH4(ClO)2,9,mp-690703,9849.327571,7403.219096,7321.445841,1.525040012,1.555555556,2,0,0,36,68.33333333,96.57927084,159.7724983,27.13966667,41.17585137,0.240560342,2.543333333,2.55,0.786949102,38.48538108,81.56324067,263.4928926,1.52878,9,2.996539602,0.026891692,0.007903449,0.04113759,0.006126536,0.023386663,-1.888088959,5.2435,Monoclinic,6.819023715,11.05456463,7.183996319,90,91.11495324,90
BaF2,2.08,mp-1029,7854.389393,114.438842,71.74956969,2.171403488,2,3.333333333,0,0,3,130.6666667,3.064129385,154.9969759,58.44126878,55.78063549,8.88463259,2.95,3.09,1.456639969,91.8,124.5922148,264.3,1.1311434,3,4.694961429,0.005646733,0.003108879,0.008302941,0.001008109,0,-4.180652951,6.6189,Cubic,4.442808966,4.442808965,4.44280897,60.00000004,60.00000004,59.99999998
Ba(NO3)2,4.85,mp-4396,9645.4941,7315.146609,7315.146609,1.941689876,2,3.333333333,0,0,36,137.4444444,4.573136806,184.7389973,29.03722222,38.29485397,1.90443152,3.067777778,2.55,0.787087144,34.96,82.39771518,262.76,1.4146174,9,3.041012382,0.012279147,0.003492436,0.014620701,0.002177431,0,-1.686542396,3.6154,Cubic,8.29526906,8.29526906,8.29526906,90,90,90
Ba2NaNb5O15,235,mp-15983,11535.44014,7455.362416,7404.237605,1.038028197,1.739130435,2.608695652,0.869565217,0,46,119.7391304,26.19694206,206.9675335,43.57220084,42.51704698,0.952891332,2.709130435,2.55,1.020383189,56.83913043,81.40221095,262.76,4.8421151,23,5.022751931,0.01547108,0.006245667,0.020669462,0.00307826,0.012313148,-3.135488008,2.4651,Tetragonal,4.14390326,12.64543682,12.64543682,90,90,90
BaO,34,mp-1342,7848.786664,70.24163601,0,1.888501466,2,2,0,0,2,135,0,136.7069101,76.663,60.664,14.32956363,2.165,2.55,1.275,136.62,131.38,262.76,1.1215673,2,5.75312502,0.002679742,0.001929199,0.005330088,0.000793799,0,-2.833554606,2.0906,Cubic,3.970321984,3.970321978,3.97032198,59.99999998,60.00000003,60.00000002
BaO2,10.7,mp-1105,7852.433661,109.1870661,30.92426714,2.015290902,2,2.666666667,0,0,3,135,0,147.3634539,56.44166667,57.1945677,7.559167368,2.59,2.55,1.202081528,92.82666667,123.8662519,262.76,1.1490298,3,5.39192433,0.005103079,0.002624989,0.007338611,0.001092924,0,-2.167760554,2.2284,Tetragonal,3.865934886,3.865934886,4.432479778,115.8547779,115.854778,89.99999997
BaS,19.23,mp-1500,7855.824769,377.7102767,0,1.754829522,2,2,0,0,2,159.5,24.5,130.4037105,84.6935,52.6335,25.99198061,1.735,1.69,0.845,146.465,121.535,243.07,1.2989431,2,4.178928789,0.001130167,0.000479145,0.001754169,0.000589396,0,-2.410637557,2.1515,Cubic,4.565944845,4.565944839,4.56594484,59.99999999,60.00000004,60.00000002
BaSO4,11.4,mp-3164,10030.60105,7210.87018,7209.67059,1.94569945,2,3.333333333,0,0,24,143.1666667,18.26122182,165.6616575,38.89716667,44.40811316,3.466336298,2.871666667,2.55,0.940220128,52.315,96.72485026,262.76,1.4087931,6,4.250832613,0.008359665,0.003192814,0.010837161,0.001613956,0,-2.833723849,5.9507,Orthorhombic,5.55696133,7.27706852,9.01825908,90,90,90
BaSnO3,22.3,mp-3163,8139.216776,5708.33718,91.89426204,2.060493798,2,2.8,2,0,5,119,32,189.8260732,60.8068,55.19300391,4.920836078,2.634,2.55,1.043524796,65.224,102.4043768,262.76,1.6016451,5,6.869983568,0.006200073,0.002999276,0.009095601,0.001354589,0,-2.601554575,0.3666,Cubic,4.18863396,4.18863396,4.18863396,90,90,90
BaTiO3,2080,mp-5020,7874.187706,844.8845049,78.77104648,1.792356123,2,2.4,0.4,0,5,125.2,19.6,156.0699011,46.6382,46.99414884,4.636394728,2.55,2.55,1.10923397,79.612,103.2372565,262.76,1.4941446,5,5.713575777,0.006401747,0.003089045,0.009370455,0.001395522,0,-3.50617219,2.5087,Trigonal,4.07715918,4.077159178,4.077159173,89.69902153,89.69902161,89.6990215
BaWO4,35.5,mp-19048,17122.70485,14052.31564,8128.624891,2.272719438,2,2.666666667,0.666666667,2.333333333,12,123.5,25.71478174,259.4953812,64.19383333,69.46777803,3.806087053,2.725,2.55,1.037846328,60.66,96.16047074,262.76,1.4842769,6,6.023399912,0.007780355,0.003210293,0.010342166,0.001540237,0,-2.731492457,4.8822,Tetragonal,5.743541787,5.743316126,7.611493632,112.1610765,112.1640856,89.99925419
Be3Al2(SiO3)6,6.86,mp-6030,1543.913747,436.4907139,323.9181018,1.312921738,2,2.965517241,0,0,58,93.51724138,53.27134229,186.5885057,18.53419401,6.096122169,0.572831201,2.801724138,1.87,0.822184093,18.04517241,16.50639011,40.76,2.8806256,29,2.566869225,0.020676838,0.006682071,0.026658612,0.008289886,0,-3.285083059,5.3196,Hexagonal,9.30347139,9.303471395,9.27757703,90,90,120
BeO,7.01,mp-2542,113.1620253,49.82150539,8.00473128,4.880149642,2,2,0,0,4,75.5,59.5,148.9157121,12.50559155,3.49340845,5.764857937,2.505,1.87,0.935,21.475,16.235,32.47,0.1679553,2,2.965548874,0.005655011,0.002103592,0.00840343,0.00329475,0,-3.121645386,7.4598,Hexagonal,2.71031869,2.710318689,4.40295026,90,90,119.9999999
BiOF3,36.8,mp-753455,24186.68076,19930.87227,18593.45932,4.416028727,2,4.4,2,2.8,20,123.3,13.88020173,490.9709101,56.3949219,76.30158252,4.440555459,3.456,2.08,0.805620258,13.268,18.37568219,46.3,0.5743204,5,4.727082906,0.009425367,0.003136347,0.011744459,0.002720785,0,-2.272334145,1.7646,Monoclinic,4.167795928,14.8288524,6.445144913,90,95.91730021,90
Bi2O3,88.452,mp-23262,32753.61782,19174.45119,18732.32409,3.777892003,2,3.6,4,5.6,20,119.4,19.10601999,437.5241963,93.19156,94.54119197,5.074030229,2.824,1.54,0.754442841,23.144,21.92783218,44.76,1.0649875,5,9.060332705,0.006157308,0.002733888,0.008957243,0.002545285,0,-1.659867988,2.1866,Monoclinic,5.933348699,7.597844338,8.27644683,90,90,113.7171409
Ti3(BiO3)4,126.3,mp-23427,29955.56833,20917.09266,19744.68177,1.80032032,2,3.157894737,2.421052632,2.947368421,38,119.0526316,21.09495745,360.7193124,61.65845263,76.91521805,1.202123787,2.815789474,1.9,0.824406107,31.88947368,39.88705495,109.1,3.2477069,19,7.689444953,0.01367088,0.005307307,0.018402476,0.005229237,0,-2.567636173,2.4249,Orthorhombic,5.47042459,5.53592642,16.93558584,99.40666077,90,90
C,5.5,mp-568286,235.9189766,102.2190669,37.55468197,7.285643342,2,2,0,0,16,-8,0,159.3877684,12.011,0,12.011,2.55,0,0,20.53,0,0,0.0753571,1,1.884349765,0.003580339,0,0.003580339,0.003580339,0,0,2.0775,Orthorhombic,4.27452407,4.93472515,8.02832801,90,90,90
CaCO3,9.15,mp-3953,854.9286198,565.2479261,137.3708614,2.28133349,2,2.8,0,0,10,99.4,55.38447436,108.5199655,20.0172,10.14862285,3.381576267,2.774,2.44,0.951621774,41.05,64.24848823,163.76,0.9222819,5,2.613790238,0.008317874,0.00312577,0.010972138,0.001951907,0,-2.703808611,4.9995,Trigonal,6.44983864,6.449838635,6.449838639,46.11682224,46.11682232,46.11682223
CaF2,6.7986,mp-2741,683.3047855,106.4879504,68.16426702,2.579449551,2,3.333333333,0,0,3,119,13.43502884,97.40163885,26.02493544,9.937017245,7.679114368,2.986666667,2.98,1.404785472,58.8,77.92316729,165.3,0.8015759,3,3.089832809,0.006194274,0.003212557,0.008930918,0.001295279,0,-4.245798521,7.1148,Cubic,3.900437571,3.900437572,3.90043757,59.99999993,59.99999993,59.99999996
CaMoO4,24,mp-19330,4525.057161,3490.795709,765.1078823,2.160159901,1.833333333,2.666666667,0.833333333,0,12,118.1666667,25.4323722,175.0069032,33.33733333,29.34920165,3.503988485,2.82,2.44,0.938580488,43.74333333,61.16399422,163.76,1.1429492,6,4.065276241,0.008265636,0.003158293,0.010778778,0.001917509,0,-2.712723471,3.5057,Tetragonal,5.308562802,5.308418499,6.906667073,112.5913725,112.5926994,90.0002568
Ca(NO3)2,6.54,mp-3142,1267.80115,600.6366911,600.6366911,2.217045001,2,3.333333333,0,0,36,133.5555556,12.68517167,151.2243815,18.23177778,7.766499995,1.84243315,3.08,2.44,0.753303834,23.96,51.28843404,163.76,1.0850499,9,2.278112419,0.012563988,0.003381915,0.014864661,0.002644374,0,-1.620290187,3.6222,Cubic,7.82114007,7.82114007,7.82114007,90,90,90
CsPbCl3,14.37,mp-675524,21162.10845,18417.41335,7835.297055,1.919829414,1.8,3.4,2,2.8,10,161.6,32.25895225,164.5520941,89.29109039,70.00187504,10.31176223,2.414,2.37,0.967876025,104.578,148.4595125,376.07,2.7131557,5,3.934998961,0.002923574,0.001191686,0.004035435,0.000733028,0,-1.884677629,2.413,Orthorhombic,5.76365402,11.43859402,8.085590767,44.98074627,90,90
CuBr,6.4,mp-22913,2696.181554,1460.287801,0,6.322676861,1.5,2.5,10,0,2,121,75,409.6137153,71.725,8.179,35.39616301,2.43,1.06,0.53,34.15,12.35,24.7,0.350208,2,5.147663398,0.00154985,0.000222873,0.001825722,0.001279893,0,-0.25428131,0.4859,Cubic,4.029812341,4.029812342,4.02981235,60.00000002,60.00000001,60.00000002
CuCl,10,mp-22914,1653.881448,411.9694559,0,5.468278588,1.5,2.5,5,0,2,113.5,67.5,328.9094881,49.498,14.048,22.75552245,2.53,1.26,0.63,35.715,10.785,21.57,0.3009825,2,4.165254486,0.002136199,0.00045823,0.002716523,0.001596278,0,-0.669330747,0.5612,Cubic,3.821651739,3.821651741,3.82165174,60,59.99999999,60.00000001
CuO,18.1,mp-1692,1903.583355,1361.783305,67.09179268,5.986493789,1.5,2,5,0,4,90.5,44.5,335.3814461,39.7725,23.7735,12.78109817,2.67,1.54,0.77,25.87,20.63,41.26,0.2371777,2,5.938198139,0.003707596,0.001456726,0.005643737,0.002129942,0,-0.953606058,0,Tetragonal,2.938095947,2.938095942,5.155227916,89.71167368,89.71167363,88.60010361
Cu2O,7.11,mp-361,2501.020213,1339.67649,1339.67649,4.570004849,1.333333333,1.333333333,6.666666667,0,6,75.66666667,41.95500235,320.1908108,47.697,22.41387075,10.64088225,2.413333333,1.54,0.725962962,32.74666667,19.45015053,41.26,0.4468929,3,6.028165569,0.003266235,0.001326739,0.006185318,0.002334334,0,-0.649568572,0.4997,Cubic,4.28781269,4.28781269,4.28781269,90,90,90
FeO,14.2,mp-715262,1490.180056,1024.687612,67.99902995,5.547000743,2,2,3,0,4,99,36,315.7976634,35.922,19.923,12.43616941,2.635,1.61,0.805,34.585,29.345,58.69,0.2275001,2,5.577374612,0.003760821,0.001478096,0.005721469,0.002152765,0,-1.668781473,0,Tetragonal,4.16678461,3.204206586,4.53143338,45,90,90
Fe2O3,4.5,mp-715572,4483.009035,1179.94711,1179.468381,3.754244774,2,2.4,2.4,0,40,106.2,35.2726523,330.9830998,31.9374,19.52047366,4.477776383,2.796,1.61,0.788735697,28.716,28.7521106,58.69,0.4824627,5,4.936945918,0.007065514,0.002457922,0.009534977,0.00358764,0,-1.885685816,2.019,Monoclinic,8.23585373,8.232416751,8.223949961,71.0687374,109.5638267,70.17116454
Fe3O4,20,mp-19306,2432.340737,1076.534763,1070.704028,3.107805292,2,2.285714286,2.571428571,0,14,104.1428571,35.63075947,326.1170867,33.07585714,19.71865614,3.292335588,2.75,1.61,0.796743371,30.39285714,29.04401768,58.69,0.7099628,7,4.949993151,0.007974626,0.002892167,0.011119847,0.004183964,0,-1.835756806,0,Cubic,6.020903418,6.020902458,6.047049888,120.1437573,90.00000343,60.2875131
Gd2(MoO4)3,9.5,mp-554558,18894.33024,10711.83636,10573.14574,1.683779368,1.823529412,2.823529412,1,0.823529412,68,118.5058824,26.38842149,348.0422301,46.72576471,50.31073913,1.259395463,2.950588235,2.24,0.799944635,35.19882353,51.79028365,153.76,2.2823035,17,4.307439757,0.014601456,0.004712792,0.017979177,0.00385604,0,-2.707673052,3.2638,Orthorhombic,10.64307157,10.63622097,10.81999514,90,90,90
Ge,16,mp-32,2458.356252,1637.643748,0,7.378756301,2,2,10,0,2,73,0,282.4583011,72.63,0,72.63,2.01,0,0,39.43,0,0,0.2571353,1,5.041967969,0.000858627,0,0.000858627,0.000858627,0,0,0,Cubic,4.074959239,4.074959235,4.07495924,59.99999996,59.99999999,59.99999992
HIO3,7.5,mp-23963,9036.016762,6249.038529,6181.896771,4.461686775,1.8,3.4,2,0,20,117.4,84.3862548,486.3566741,35.181894,46.22734309,0.842137066,3.036,1.24,0.515736367,10.96542148,11.82069774,30.09289258,0.3616882,5,4.335262607,0.018230713,0.004260183,0.021986671,0.009520516,0.016585399,-0.940737322,3.213,Orthorhombic,5.71643709,5.89039595,8.00415994,90,90,90
CaNb2O6,19.5,mp-17101,6587.278577,4095.619929,3569.84148,1.853915589,1.777777778,2.666666667,0.888888889,0,36,117.1111111,26.42155872,207.4347788,35.76497111,31.43431041,2.372468923,2.76,2.44,0.975431528,45.82666667,59.90454926,163.76,1.5517395,9,4.493018409,0.01000233,0.00383692,0.013099376,0.002330336,0,-3.253529758,3.6052,Orthorhombic,5.27429004,5.94337408,15.18019783,90,90,90
Ca2Nb2O7,45,mp-13979,6829.741194,3811.153952,3576.352767,1.473815161,1.818181818,2.545454545,0.727272727,0,44,117.1818182,25.03749255,161.264412,34.36015818,29.04640515,1.964802202,2.661818182,2.44,1.04521262,53.33454545,66.39817363,163.76,2.3437393,11,4.30727089,0.010483779,0.004479443,0.01439433,0.002560704,0,-3.313694253,3.1001,Monoclinic,5.54829266,7.771140346,13.66033001,98.27688619,90,90
CaO,11.8,mp-2605,670.2187668,66.18873143,0,2.247333159,2,2,0,0,2,117.5,17.5,70.80431081,28.0385,12.0395,11.43441914,2.22,2.44,1.22,87.12,81.88,163.76,0.7919998,2,3.286686129,0.003135567,0.002072938,0.005966832,0.00106148,0,-3.323272566,3.6344,Cubic,3.421878339,3.421878344,3.42187834,60.00000004,59.99999999,60.00000004
CaS,9.3,mp-1672,702.7236924,348.190552,0,2.031346236,2,2,0,0,2,142,42,74.41697522,36.069,4.009,17.81170368,1.79,1.58,0.79,96.965,72.035,144.07,0.9693756,2,2.565497938,0.001451075,0.000520071,0.002119036,0.000850484,0,-2.487846417,2.378,Cubic,4.041992736,4.041992739,4.04199273,59.99999999,59.99999997,59.99999995
CaWO4,11.7,mp-19426,16815.9115,13923.94389,794.4097757,2.576718289,2,2.666666667,0.666666667,2.333333333,12,117.6666667,26.40496586,249.3389246,47.98566667,61.38881339,3.566251349,2.743333333,2.44,1.005744611,44.16,61.36665327,163.76,1.1547094,6,5.832173293,0.008119714,0.003202934,0.010684271,0.001900697,0,-2.732416663,4.3443,Tetragonal,5.331584962,5.334337241,6.889212671,112.7930888,112.7779695,89.96857739
CdBr2,4,mp-27934,6253.371193,5179.48608,2757.051259,4.871141879,2,3.333333333,10,0,6,156.6666667,55.62573345,421.2580392,90.74066667,15.32536097,29.47615694,2.536666667,1.27,0.598683741,31.08333333,13.1286159,27.85,0.646212,3,4.412563251,0.001726928,0.000338649,0.002000679,0.001099442,0,-0.890467427,2.938,Hexagonal,4.07383828,4.073838279,14.25503686,90,90,120
CdF2,8.33,mp-241,5431.810951,114.5887305,68.0386536,4.641623635,2,3.333333333,3.333333333,0,3,111.6666667,23.8059283,373.9097518,50.13693544,44.03653466,8.759045228,3.216666667,2.29,1.079516353,19.01666667,21.66103773,45.95,0.402265,3,6.029136554,0.006156019,0.002607152,0.008362253,0.002016876,0,-2.502766837,2.8977,Cubic,3.883826058,3.883826061,3.88382606,60.00000001,59.99999999,60.00000001
CdS,9.16,mp-672,6032.255066,4870.251625,385.2745537,3.973371571,2,2,5,0,4,131,53,253.4343909,72.237,40.177,24.9456154,2.135,0.89,0.445,37.29,12.36,24.72,0.5700647,2,4.575652708,0.001486016,0.000243289,0.001790581,0.001195117,0,-0.972579552,1.1162,Hexagonal,4.20653514,4.206535146,6.84292902,90,90,120
CdSe,9.53,mp-2691,5535.579814,2252.543293,0,4.678437452,2,2,10,0,2,138,60,299.2137285,95.6925,16.7215,46.38527572,2.12,0.86,0.43,37.945,11.705,23.41,0.6396264,2,5.300486625,0.001029675,0.000125663,0.001184233,0.000876431,0,-0.627580719,0.5101,Cubic,4.393137677,4.393137675,4.39313767,59.99999997,59.99999998,59.99999997
Nb2Cd2O7,1400,mp-560530,8631.562968,4824.538624,4818.041924,2.114607158,1.818181818,2.545454545,2.545454545,0,22,113.1818182,28.91938067,338.248541,47.51215818,42.10087566,2.097114113,2.787272727,1.84,0.863903308,31.63454545,38.83093784,100.76,1.5451175,11,5.857760106,0.010513078,0.003901089,0.013932846,0.004121892,0.005409513,-2.481842005,1.9354,Orthorhombic,7.443768628,7.530591733,7.481376836,120.2181295,119.8340227,89.99964281
CeO2,35.3,mp-20194,8543.970212,87.83323194,50.1054168,2.869099935,2,2.666666667,0.333333333,0.333333333,3,123.6666667,16.02775371,265.6493889,57.37133333,58.50931491,7.567458787,2.666666667,2.32,1.093658488,70.16,91.81074447,194.76,0.6478991,3,6.994758416,0.005307479,0.002395622,0.00733459,0.001502936,0,-3.945348217,1.8647,Cubic,3.866071229,3.866071226,3.86607123,60.00000005,60.00000008,60.00000007
Nb2CoO6,18.4,mp-540682,6946.713197,4049.747861,3632.659514,2.49396619,1.777777778,2.666666667,1.666666667,0,36,112.4444444,32.12514111,346.8039043,37.85999267,32.26918918,2.418269421,2.857777778,1.84,0.826905581,33.46111111,42.01901169,100.76,0.9825147,9,5.312053976,0.010256248,0.003380948,0.012974736,0.003939488,0,-2.700250677,2.3241,Orthorhombic,5.09799879,5.83211382,14.33002582,90,90,90
CoO,12.19,mp-715460,1618.868799,1136.789917,62.06838587,5.802262937,2,2,3.5,0,4,96.5,38.5,336.358182,37.466097,21.467097,12.58300499,2.66,1.56,0.78,31.475,26.235,52.47,0.222775,2,5.136133951,0.003765595,0.001449924,0.005687988,0.002186562,0,-1.330034741,0.588,Cubic,3.261908249,3.261908147,5.585305586,90.00000332,73.02179187,60.00000069
Cr2O3,10.33,mp-19399,1723.761656,888.4263224,856.3880201,3.391007808,1.6,2.4,2,0,10,110.2,30.37367281,291.2856287,30.39784,17.63490544,4.425245903,2.728,1.78,0.872018348,34.504,35.84093392,73.16,0.5217875,5,4.892943122,0.006983163,0.002592215,0.009591404,0.003331402,0,-2.348802716,2.4365,Trigonal,5.453309718,5.453309717,5.453309715,55.67345218,55.67345215,55.67345217
CsAlH24(SO10)2,5,mp-720464,8778.473203,7214.071064,7214.071064,0.876580359,1.479166667,1.854166667,0,0,192,49.20833333,88.98126168,130.9754492,11.8370623,19.8251341,0.03973525,2.690833333,2.65,0.674119281,14.78813705,56.77066921,396.4928926,4.3380572,48,1.411711247,0.077548984,0.01764975,0.101219199,0.011808625,0.788562345,-0.874353404,0.4281,Cubic,13.87885595,13.87885595,13.87885595,90,90,90
CsBr,6.39,mp-571222,7567.274043,2485.607107,0,2.098410574,1.5,2.5,5,0,2,181.5,14.5,104.1188436,106.404726,26.50072598,49.90228176,1.875,2.17,1.085,211.4,189.6,379.2,2.0439091,2,3.485262274,0.000864715,0.000501766,0.001537633,0.000333217,0,-1.809742475,4.2579,Cubic,5.234073674,5.234074226,5.23407327,59.99999927,59.99999581,60.00000449
Cs2CO3,6.53,mp-866628,12390.91479,7264.969125,7159.164635,1.004457478,1.666666667,2.333333333,0,0,24,121.8333333,59.80082682,82.18250963,54.30315065,55.59810162,3.49874189,2.408333333,2.65,1.186808278,139.7083333,184.8401757,395.76,3.9645772,6,4.138067476,0.006369658,0.00387295,0.010786857,0.001258437,0,-2.08580193,3.6172,Monoclinic,6.194108787,10.5030881,8.108661763,89.99993097,97.52463832,89.99917018
CsI,6.5,mp-614603,8001.622337,6386.20312,0,2.053921192,1.5,2.5,5,0,2,193.5,26.5,121.7813474,129.904961,3.00049098,64.91782844,1.725,1.87,0.935,217.8,183.2,366.4,2.1334131,2,3.554950097,0.000651423,0.000327581,0.001084351,0.00029215,0,-1.56833445,3.8572,Cubic,5.557277546,5.557277567,5.55727772,59.99999909,59.99999896,60.00000321
CsNO3,9.4,mp-22628,8240.185637,6818.870454,209.614391,1.525106667,1.8,3,0,0,10,143.6,12.45150593,94.44785571,38.98189039,46.96811753,3.753348828,2.83,2.65,1.03169763,84.864,158.0706426,395.76,2.0636726,5,3.471116382,0.007743173,0.003291298,0.010414571,0.001215004,0.004258536,-1.507485149,3.0696,Orthorhombic,5.7236688,5.21069754,6.25279838,90,90,90
HgCl,14,mp-22897,20964.67402,16014.86064,483.5294852,5.87369628,2,2.5,5,7,4,139,42,493.5467697,118.021,82.571,30.12593691,2.53,1.26,0.63,29.42,4.49,8.98,0.4782566,2,6.256325951,0.001701844,0.000505964,0.002360949,0.001131076,0,-0.838747309,2.7243,Tetragonal,4.746244038,4.746244037,6.496311789,111.4262294,111.4262294,90.00000008
HgSe,25.6,mp-820,18528.58447,2306.725298,0,5.634833204,2,2,10,7,2,147.5,50.5,422.6905394,139.7815,60.8105,56.66325956,2.225,0.65,0.325,30.075,3.835,7.67,0.6613893,2,7.517549409,0.000946586,0.00010075,0.001071461,0.000824729,0,-0.209803034,0,Cubic,4.436587866,4.43658787,4.43658787,60.00000007,60.00000005,60.00000006
I,11.08,mp-23153,9259.768698,6483.084649,6139.17356,8.597329344,2,5,10,0,4,220,0,551.766242,126.90447,0,126.90447,2.66,0,0,34.6,0,0,0.2299968,1,4.074684347,0.000775556,0,0.000775556,0.000775556,0,0,1.03,Orthorhombic,4.60333257,5.117270518,9.83247853,90,90,116.7298249
KBrO3,7.3,mp-22958,2590.058083,578.9151605,77.90505702,2.175950809,1.8,3.4,2,0,5,147.6,24.21239352,109.8197121,33.39986,24.91375942,4.432559333,2.82,2.62,1.017133226,65.624,112.6706935,285.36,1.5206678,5,3.009050057,0.006974207,0.002950976,0.009583488,0.001294186,0,-1.063400537,3.8455,Trigonal,4.541746233,4.54174623,4.541746236,83.81650206,83.81650212,83.81650211
KCN,6.15,mp-35035,593.0204462,74.70687375,8.598838644,1.515666533,1.666666667,1.666666667,0,0,3,91.66666667,70.57068954,44.87642912,21.70543333,12.32557942,5.548575171,2.136666667,2.22,0.952272137,106.2433333,130.4666794,283,1.4510134,3,1.611816946,0.003756611,0.00178346,0.005689096,0.001156734,0.168214189,-0.356454397,5.2873,Orthorhombic,5.78056742,4.471684562,4.471684668,72.39671591,50.19756587,50.19756496
K2CO3,4.96,mp-3963,1403.279412,575.4413049,547.0266512,1.205318112,1.666666667,2.333333333,0,0,24,111.8333333,53.59855927,50.19562567,23.0341,11.44627795,3.106343948,2.418333333,2.62,1.173178257,102.9083333,132.828099,285.36,2.7533196,6,2.288925836,0.006910844,0.00397077,0.011447907,0.001545964,0,-2.13284925,3.6392,Monoclinic,5.731759236,7.147308394,9.87039588,90,90,97.32860826
KCl,4.84,mp-23193,639.5880267,395.3157053,0,1.696954922,1.5,2.5,0,0,2,159,22,53.66836499,37.27415,1.82415,18.5924392,1.99,2.34,1.17,157.765,132.835,265.67,1.3890548,2,1.893143732,0.001676936,0.000989432,0.003005305,0.000631911,0,-2.254359827,5.027,Cubic,4.522152774,4.522152777,4.52215277,59.99999998,59.99999995,59.99999999
KClO3,5.1,mp-23022,888.7542903,508.9075025,418.9378558,1.87987968,1.8,3.4,0,0,10,144.6,18.21647606,83.28243656,24.50906,10.4863097,4.14426993,2.86,2.62,1.025748507,66.25,112.4339141,285.36,1.4714423,5,2.199650009,0.007409169,0.00301203,0.009911214,0.001338444,0.021245079,-1.285155295,5.4604,Monoclinic,4.751183745,5.70128927,7.236104146,90,109.2710094,90
KClO4,5.9,mp-23526,1327.000211,521.8704048,521.0542873,1.886306837,1.833333333,3.5,0,0,24,143,17.0098011,92.43035315,23.09071667,10.08434752,3.291629157,2.956666667,2.62,0.961000636,56.08166667,105.1259366,285.36,1.4989048,6,2.374709994,0.0088898,0.003176516,0.01112104,0.001501823,0,-1.201071546,5.539,Orthorhombic,5.79013448,7.41812879,9.02232637,90,90,90
KP(HO2)2,21.3,mp-23959,867.4480764,500.6649679,363.744377,1.526779614,1.625,2.375,0,0,16,80.625,74.5736842,79.30489192,17.01050775,12.24283533,0.436299306,2.64625,2.62,0.898734353,43.18802686,93.7407849,286.0928926,1.7159605,8,2.22121785,0.022235762,0.008246441,0.030546299,0.004125075,0,-2.244572653,5.4325,Orthorhombic,6.40535566,6.40535565,6.440588827,107.8551197,107.8551197,112.5447352
K2PHO4,9.05,mp-733468,2812.398841,1064.794247,1044.12843,1.161604706,1.625,2.375,0,0,96,102.5,61,58.75447677,21.77179525,12.49763767,0.754422257,2.47375,2.62,1.081653104,78.94963843,122.3642135,286.0928926,2.9644441,8,2.400519216,0.014889719,0.007602341,0.023229701,0.003137017,0,-2.431709528,4.5325,Orthorhombic,22.81466086,10.48376919,6.04479697,90,90,90
KI,4.68,mp-22898,6886.826212,573.6402792,0,2.427114324,1.5,2.5,5,0,2,178.5,41.5,108.6558947,83.001385,43.903085,29.88955569,1.74,1.84,0.92,162.6,128,256,1.5277843,2,2.972226224,0.001008729,0.0004524,0.001598057,0.000498384,0,-1.49920484,3.8513,Cubic,5.080804801,5.080804802,5.0808048,60.00000001,60.00000001,60.00000001
KIO3,16.33,mp-23487,9019.801016,6268.839161,6245.493749,2.114609311,1.8,3.4,2,0,20,152.4,33.80887457,132.9049298,42.799954,42.99336056,4.52553761,2.76,2.62,1.015952755,68.184,111.7878379,285.36,1.6101718,5,3.822784249,0.006695567,0.003004118,0.009484529,0.001280823,0,-1.386585386,2.7768,Triclinic,7.788232794,7.79091011,7.791546226,108.9256654,108.8926424,108.7890522
KNO3,4.37,mp-5158,1002.359507,523.7162437,520.6904833,1.814409593,1.8,3,0,0,20,137.6,4.270831301,69.3410582,20.22046,9.470397054,3.515171342,2.836,2.62,1.019835281,62.784,113.9116671,285.36,1.4580438,5,1.990465411,0.008089588,0.003271043,0.010761619,0.001453285,0,-1.515823283,2.9158,Orthorhombic,5.49905856,6.59908829,9.29708997,90,90,90
K3PO4,7.75,mp-557753,1923.091472,668.0958596,618.644289,0.974401609,1.625,2.375,0,0,32,124.375,30.39299878,50.38412171,26.53308275,10.82382374,2.785277174,2.30125,2.62,1.213553022,114.71125,136.385047,285.36,4.2129277,8,2.510006703,0.006678981,0.004281151,0.012089732,0.001632638,0,-2.558368352,4.0019,Orthorhombic,6.01276839,8.2156366,11.37102057,90,90,90
KCSN,7.9,mp-6511,1148.986092,533.5693743,514.5828894,1.554244276,1.75,2.25,0,0,16,114.75,73.03209911,58.68659615,24.294075,11.5776996,4.729967013,2.2475,2.22,0.846740072,85.915,118.3464796,283,1.6558517,4,1.810025681,0.0040621,0.001633936,0.006161762,0.001252838,0.004644391,-0.692069828,4.1109,Orthorhombic,6.70334144,6.84992183,7.76653637,90,90,90
K2SO4,6.4,mp-4529,1643.617658,571.7374374,567.6921498,1.253313818,1.714285714,2.857142857,0,0,28,142.5714286,16.93565253,59.87520098,24.89322857,10.49734612,3.008783291,2.568571429,2.62,1.143471264,89.58428571,127.3076395,285.36,2.9102633,7,2.531375128,0.007560684,0.004002789,0.011632027,0.001570828,0,-2.390650662,5.2088,Orthorhombic,5.8675972,7.59625604,10.25860648,90,90,90
K2(SO2)3,5.7,mp-3916,1951.802467,677.964434,672.6157419,1.22820108,1.818181818,3.272727273,0,0,44,148.7272727,21.61266846,80.1130143,24.57914545,9.682292308,1.92399783,2.729090909,2.62,0.971797346,62.49363636,107.8576418,285.36,3.3748649,11,2.16848188,0.009846253,0.004432651,0.014546167,0.001964363,0.016693826,-2.064879631,3.5394,Orthorhombic,5.81556279,9.9542751,14.30669368,90,90,90
K2SeO4,7.1,mp-5226,3566.022362,2223.818425,2196.450433,1.418992975,1.714285714,2.857142857,1.428571429,0,28,144.5714286,21.82958113,74.22033173,31.5948,21.81095813,3.186422055,2.564285714,2.62,1.143476618,89.77142857,127.2133878,285.36,2.979825,7,2.864347595,0.00727272,0.003911454,0.011303143,0.001526414,8.04E-05,-1.824394396,3.5912,Orthorhombic,6.16892963,7.822925,10.6267274,90,90,90
KTaO3,242,mp-3614,14851.63893,587.630664,88.56403764,2.107587487,1.8,2.4,0.6,2.8,5,122.8,25.41180828,156.6615403,53.608636,64.2950808,4.574257139,2.528,2.62,1.137477912,78.864,110.613815,285.36,1.7109699,5,6.796249327,0.006387216,0.003170025,0.009433885,0.001273983,0,-3.097557525,2.0983,Cubic,4.03083933,4.03083933,4.03083933,90,90,90
LiBr,12.1,mp-976280,2835.169211,2246.0366,6.758586546,4.189027831,1.5,2.5,5,0,4,127.5,68.5,169.3260591,43.422,36.482,6.385400949,1.97,1.98,0.99,92.9,71.1,142.2,0.5128803,2,2.788735159,0.003009238,0.001026345,0.004298518,0.001787196,0,-1.572895285,4.935,Hexagonal,4.188175107,4.188175107,6.80826051,90,90,119.9999673
Li2CO3,4.9,mp-3054,244.2172648,95.23427126,47.89613304,2.105240298,1.666666667,2.333333333,0,0,12,85.83333333,54.00128599,81.86858213,12.31466667,4.053583463,1.789058637,2.471666667,2.46,1.100703058,60.70833333,73.23801754,158.76,0.9025196,6,1.996752244,0.009920846,0.004486642,0.015084766,0.003376401,0,-2.260002997,5.0574,Monoclinic,4.906923252,4.906923251,6.347791796,69.38285143,69.38285145,61.86175265
LiCl,11.37,mp-22905,449.6795359,6.098155168,0,2.937193886,1.5,2.5,0,0,2,120,61,91.42577625,21.195,14.255,5.803798066,2.07,2.18,1.09,94.465,69.535,139.07,0.4636548,2,2.058244268,0.003535043,0.001436531,0.005378989,0.001874607,0,-2.106838987,6.25,Cubic,3.643542554,3.643542558,3.64354255,59.99999998,59.99999995,59.99999995
LiF,8.7,mp-1138,99.42487926,5.091525579,0,3.198846371,1.5,2.5,0,0,2,93.75,34.75,66.35444347,12.96920158,6.029201581,5.083154777,2.48,3,1.5,83.85,80.15,160.3,0.3909068,2,2.530431136,0.00587987,0.003763857,0.010977034,0.002003086,0,-3.180438733,8.7161,Cubic,2.887419188,2.887419181,2.88741919,60.00000002,60.00000009,60.00000005
LiH3(SeO3)2,29,mp-696288,3385.814836,2138.476873,2088.911366,2.205160393,1.666666667,2.666666667,1.666666667,0,24,95.91666667,84.24711502,213.8791783,21.99166667,26.23016178,0.28403992,2.776666667,2.46,0.76204039,21.78677686,43.59166501,159.4928926,1.2338742,12,3.235539272,0.028539577,0.008699296,0.037858306,0.00847377,0.005369816,-1.453848509,4.2564,Monoclinic,6.310626569,8.01307628,5.560048306,90,105.5569653,90
LiI,11.03,mp-570935,7493.088825,6257.359318,7.226305257,3.86531091,1.5,2.5,5,0,4,139.5,80.5,222.191166,66.922235,59.982235,6.580152484,1.82,1.68,0.84,99.3,64.7,129.4,0.6023843,2,3.316300465,0.002585988,0.000671729,0.003405916,0.00176055,0,-1.235266045,4.3818,Hexagonal,4.56607297,4.566073255,7.42356468,90,90,119.9999979
LiIO3,7.9,mp-23384,11287.57134,6601.683468,6568.554052,3.242599524,1.8,3.4,2,0,40,136.8,50.96037676,265.5504651,36.368294,45.4038502,2.94564795,2.792,2.46,0.955037172,42.864,61.62616379,158.76,0.6847718,5,3.893147538,0.008667649,0.003269874,0.011756024,0.002631334,0,-1.399080595,3.7255,Tetragonal,6.2273072,9.98201092,9.98201092,90,90,90
LiNbO3,85.7,mp-3731,4230.866766,3273.447321,114.2469961,2.503280208,1.6,2.4,0.8,0,10,107.2,34.29518917,193.0098829,29.568674,31.86260749,2.920838303,2.58,2.46,1.071372951,57.144,66.16220843,158.76,0.7659886,5,4.412866328,0.008391863,0.003546776,0.011805846,0.002642485,0,-2.913254996,3.3358,Trigonal,5.592399211,5.592399207,5.592399202,55.67586873,55.67586882,55.67586871
LiTaO3,53.6,mp-3666,16290.27085,13420.92414,129.6211922,3.110386647,1.8,2.4,0.6,2.8,10,107.2,34.29518917,300.2722991,47.176976,66.97741046,2.966211366,2.56,2.46,1.090247678,53.544,63.85541969,158.76,0.7855699,5,7.178368478,0.008287715,0.003556176,0.011715203,0.002622197,0,-3.144566699,3.7003,Trigonal,5.533819201,5.533819201,5.533819203,56.14486292,56.14486288,56.1448629
Mg3B7ClO13,14.1,mp-23087,1713.641777,510.8404224,452.0275876,1.41343209,2,2.666666667,0,0,96,88.08333333,62.32703845,167.8238011,16.33425,5.668233611,0.620447664,2.75375,2.13,0.819211066,18.72625,21.00481866,65.65,2.3359142,24,2.856359953,0.019326352,0.006059126,0.025615232,0.006421672,0,-2.934410634,5.9272,Orthorhombic,8.6430927,8.62880872,12.22371966,90,90,90
MgCO3,8.1,mp-5348,398.054828,155.711026,88.58164925,2.908688112,2,2.8,0,0,10,90.8,57.90474937,148.6098572,16.8626,4.029013656,3.206027008,2.836,2.13,0.837247872,21.428,25.4300998,65.65,0.5673446,5,2.898972608,0.008781043,0.002868701,0.01126853,0.002824991,0,-2.464362112,4.9603,Trigonal,5.744816341,5.744816342,5.744816343,48.20610868,48.20610868,48.2061087
MgNb2O6,24,mp-17953,6542.838773,4055.002428,3591.993693,2.110999714,1.777777778,2.666666667,0.888888889,0,36,112.3333333,32.31442746,255.7747136,34.01241556,31.58432891,2.284699692,2.794444444,2.13,0.916358871,34.92555556,43.055504,100.76,1.1968022,9,4.758582333,0.010334507,0.003721593,0.013348618,0.003346464,0,-3.117534165,3.4118,Orthorhombic,5.09533384,5.82050003,14.40727821,90,90,90
MgO,9.8,mp-1265,209.5010086,58.5539317,0,3.025228777,2,2,0,0,2,96,39,92.21564422,20.152,4.153,9.648067065,2.375,2.13,1.065,38.065,32.825,65.65,0.4370625,2,3.471432635,0.003747577,0.002036249,0.006495771,0.001628473,0,-3.070604288,4.4449,Cubic,3.009788132,3.009788134,3.00978813,59.99999993,59.99999991,60.00000002
MgWO4,18,mp-18875,17095.72698,13622.54105,330.1294055,3.096136974,2,2.666666667,0.666666667,2.333333333,12,110.5,34.74550331,340.2731853,45.35683333,62.0057748,3.37155626,2.795,2.13,0.919089223,27.80833333,31.93848797,69.76,0.7997721,6,6.570295732,0.008531336,0.003054504,0.01098843,0.002754771,0,-2.572016943,3.6767,Monoclinic,4.74247142,5.044253015,5.75150792,90,90,91.18339299
MnNb2O6,17.4,mp-640524,6806.460577,4073.938126,3603.689599,2.387350241,1.777777778,2.666666667,1.444444444,0,36,113.3333333,30.68477726,325.9115808,37.41608711,32.00262435,2.411074679,2.821111111,1.89,0.875346845,34.47111111,42.69356976,100.76,1.0332397,9,5.028852234,0.010185044,0.003477039,0.01299408,0.003945362,0,-2.888919798,2.5349,Orthorhombic,5.14827721,5.89677435,14.65101602,90,90,90
MnO,22.5,mp-714882,1355.446269,934.6016893,68.66675308,4.875038086,2,2,2.5,0,4,100.5,34.5,259.3676197,35.468522,19.469522,12.39061732,2.495,1.89,0.945,36.02,30.78,61.56,0.2735,2,5.190707717,0.003585852,0.001610445,0.005731976,0.001852553,0,-2.000399532,1.6823,Cubic,3.197355603,3.197453216,5.448588156,89.99985608,72.93751744,59.99893076
MnO2,10000,mp-19395,1827.713007,996.5967449,925.8093991,4.587329968,2,2.666666667,1.666666667,0,12,112,32.52691193,288.860054,28.97868133,18.35604138,6.98274599,2.81,1.89,0.890954544,25.76,29.0196623,61.56,0.3009625,3,4.00346506,0.005923328,0.00205022,0.007635505,0.002467766,0,-1.810535359,1.0947,Tetragonal,2.928869392,7.168730035,7.168747969,87.60819396,78.21343823,78.2141245
Mn2O3,8,mp-565203,6091.363702,1483.839638,1480.02186,3.337791044,2,2.4,2,0,80,107.4,33.80295845,274.818788,31.5746176,19.07615777,4.465953176,2.684,1.89,0.925907123,29.864,30.15811771,61.56,0.5744625,5,4.721179108,0.006841191,0.002683881,0.009547591,0.003085745,0,-2.026531936,0.1177,Orthorhombic,9.59898265,9.61929216,9.62191805,90,90,90
MnWO4,19.3,mp-19407,17130.49153,13638.08762,1320.426915,3.655184924,2,2.666666667,1.5,2.333333333,12,112,32.52691193,475.9029791,50.46234067,61.31954464,3.654203308,2.835,1.89,0.856694228,27.12666667,31.04280414,69.76,0.6362096,6,6.871998003,0.008352883,0.002740933,0.010554909,0.003411306,0,-2.2217429,2.3563,Monoclinic,4.883125392,5.12050263,5.85448006,90,90,91.65787335
BeH8(NF2)2,9,mp-24614,807.851552,222.7801365,222.3660891,2.045589221,1.466666667,1.733333333,0,0,120,34.53333333,82.70458808,158.3335326,8.07225305,7.950171091,0.119036302,2.744666667,2.41,0.817792693,6.917790626,8.314641028,34.01,0.7647388,15,1.630291337,0.045003373,0.01142271,0.07173184,0.022928576,0,-1.65926584,6.648,Orthorhombic,5.98728686,10.77168571,15.29826697,90,90,90
H4BrN,7.1,mp-23675,2837.423968,2249.831258,61.37342412,3.229127495,1.333333333,1.333333333,1.666666667,0,12,31.66666667,99.57520887,235.6794357,16.32383333,28.82737216,0.24678185,2.466666667,0.84,0.377830062,7.904738282,6.315942071,17.29289258,0.4155772,6,2.186521543,0.026079926,0.001363244,0.026975988,0.02186534,0,-0.71302015,4.3113,Tetragonal,4.35176271,5.84676378,5.84676378,90,90,90
H4NCl,6.9,mp-34337,452.5016195,53.04754402,0,2.697958472,1.333333333,1.333333333,0,0,6,29.16666667,95.5238481,146.0045088,8.914833333,12.78095774,0.245829769,2.5,0.96,0.425675933,8.426404949,7.466538322,20.42289258,0.3663517,6,1.524079449,0.026751069,0.000186373,0.027028175,0.026136027,0,-0.865474468,4.9341,Cubic,3.87711457,3.87711457,3.87711457,90,90,90
AsH6NO4,75,mp-703470,2554.537465,1965.148269,158.5874911,2.35372327,1.5,1.833333333,0.833333333,0,24,43,83.69388667,211.3704672,13.24771625,19.86073598,0.159054915,2.681666667,1.26,0.582549473,7.116887045,6.890292262,25.29289258,0.7521041,12,2.262811331,0.037399499,0.007624468,0.050591472,0.018833234,0.035826407,-1.242631435,4.1512,Tetragonal,6.720786293,6.720786293,6.720786293,110.8019578,110.8019578,106.8413246
PH6NO4,15.9,mp-23672,561.7571288,308.537162,92.32570053,2.192765127,1.5,1.833333333,0,0,24,41.83333333,83.57415204,165.9192704,9.585396833,9.499913947,0.158577249,2.6825,1.25,0.581837964,6.711053712,5.55668142,20.42289258,0.6932574,12,1.761370099,0.037633134,0.007371608,0.050667611,0.020529419,0,-1.560464394,5.5064,Tetragonal,6.563576748,6.563576744,6.563576743,105.4705494,111.5078371,111.5078369
H4N2O3,7.3,mp-24834,652.710808,179.522723,153.9273722,2.857847819,1.555555556,2,0,0,72,60.55555556,88.24223115,183.8628918,8.893666667,7.090561771,0.232636509,2.8,1.24,0.55617743,5.438714411,1.198718731,3.092892576,0.4353407,9,1.634427198,0.032037795,0.005185762,0.041832318,0.027525189,0.149514216,-0.91542633,3.2767,Orthorhombic,8.05825241,8.05082665,10.02807179,90,90,90
NaBr,6.29,mp-22916,2546.245523,151.0419817,0,3.30010678,1.5,2.5,5,0,2,147.5,48.5,124.5095181,51.44688464,28.45711536,17.85311722,1.945,2.03,1.015,92.25,70.45,140.9,0.8263928,2,3.120798741,0.001655261,0.000706987,0.002570726,0.000849407,0,-1.586479907,4.0899,Cubic,4.262153862,4.262153865,4.26215387,60.00000004,60.00000002,60.00000003
NaBrO3,5.7,mp-23339,3615.032172,2260.753004,2260.753004,2.814730351,1.8,3.4,2,0,20,140,31.27938618,166.0365759,30.17815386,25.00990948,4.1063656,2.842,2.51,0.973907593,40.044,61.66245717,157.46,0.9087803,5,3.159523702,0.007403446,0.002850437,0.009956852,0.001771104,0,-1.017347884,4.4649,Cubic,6.82000228,6.82000228,6.82000228,90,90,90
NaCN,7.55,mp-30053,231.8856352,127.861977,60.18909226,1.993084949,1.666666667,1.666666667,0,0,6,79,64.44118766,58.40335673,16.33592309,4.77502222,5.046745516,2.173333333,2.11,0.90164048,63.61,70.26576834,155.1,0.8391259,3,1.634790007,0.004156269,0.001668173,0.005965245,0.001597597,0.203470595,-0.306718517,5.0374,Orthorhombic,3.65426575,4.89181867,5.56937192,90,90,90
NaCl,5.9,mp-22862,462.9476447,143.7214087,0,2.268677355,1.5,2.5,0,0,2,140,41,75.19586745,29.21988464,6.23011536,13.94576555,2.045,2.23,1.115,93.815,68.885,137.77,0.7771673,2,2.105306383,0.002106018,0.001035937,0.003470049,0.000961063,0,-2.104797979,5.0033,Cubic,4.024635116,4.024635115,4.02463512,59.99999995,59.99999997,60.00000001
NaClO3,5.85,mp-23330,972.5720219,407.2900064,407.2900064,2.45960228,1.8,3.4,0,0,20,137,26.04611295,123.8277877,21.28735386,7.581277249,3.857755699,2.882,2.51,0.98200611,40.67,61.48971166,157.46,0.8595548,5,2.361653763,0.007845009,0.002882189,0.010272674,0.001827282,0.005435714,-1.214489723,5.6182,Cubic,6.68960613,6.68960613,6.68960613,90,90,90
NaClO4,5.76,mp-22968,711.2549898,421.5755585,170.8772653,2.452072568,1.833333333,3.5,0,0,12,136.6666667,23.78841922,138.0308696,20.40596155,7.195883032,3.108273797,2.975,2.51,0.92024906,34.765,57.6642494,157.46,0.8870173,6,2.392958257,0.009298946,0.003013145,0.011444353,0.002035697,0,-1.121606266,5.4553,Orthorhombic,4.874251593,4.874251584,7.17920379,90,90,94.95124784
NaF,8.15,mp-682,179.5484022,75.859365,0,2.382946941,1.5,2.5,0,0,2,113.75,14.75,59.6067888,20.99408622,1.995683059,10.402189,2.455,3.05,1.525,83.2,79.5,159,0.7044193,2,2.692671781,0.003855908,0.002784032,0.007673426,0.001112783,0,-2.957768971,6.0943,Cubic,3.320747621,3.320747623,3.32074762,60.00000003,60.00000001,59.99999997
NaH3(SeO3)2,245,mp-696842,3338.557024,2235.069355,2150.992276,1.969138191,1.666666667,2.666666667,1.666666667,0,24,99.25,83.50860734,180.9177818,23.32914744,25.83478586,0.292394474,2.7725,2.51,0.771925353,21.67844352,43.23828732,158.1928926,1.5473867,12,3.201140421,0.027868821,0.008974259,0.037313526,0.006637252,0.00833075,-1.404966592,4.2406,Monoclinic,10.63773029,5.71518901,4.789216944,90,94.11368366,90
NaNO2,6.8,mp-2964,209.668085,93.73541246,43.6082105,2.344474461,1.75,2.75,0,0,4,128.75,17.75352078,84.27420518,17.24869232,3.412916478,4.168433089,2.7125,2.51,1.042002279,45.195,67.84838447,157.46,0.8186938,4,2.049988513,0.006838681,0.002903524,0.009882446,0.001757869,0,-1.337131542,2.4238,Orthorhombic,3.632407366,4.323014983,4.323014979,78.74165266,65.15756411,65.15756407
NaNO3,6.85,mp-4531,353.3751681,128.4789488,109.5204957,2.381745331,1.8,3,0,0,10,130,16.07482504,100.4468906,16.99875386,3.093263011,3.306854209,2.858,2.51,0.976368783,37.204,62.75465675,157.46,0.8461563,5,2.153518317,0.008519998,0.00311011,0.01109541,0.001973628,0,-1.456711634,2.9553,Trigonal,6.411802019,6.411802018,6.411802015,47.48955902,47.48955903,47.48955905
NiO,11.9,mp-715434,1777.377158,1222.513718,68.06469097,6.056090701,2,2,4,0,4,95,40,342.429498,37.3462,21.3472,12.57203821,2.675,1.53,0.765,28.17,22.93,45.86,0.2181249,2,6.676074483,0.003788228,0.001435597,0.005690468,0.002222681,0,-0.934237126,2.3175,Cubic,2.975264509,5.142196203,2.97526401,106.815985,120.0000047,73.18400973
NiWO4,17.4,mp-25094,17182.31505,13611.43621,1715.464569,3.936362198,2,2.666666667,2,2.333333333,12,110.1666667,35.2629015,527.7396573,51.08823333,61.3811688,3.669821339,2.895,1.74,0.773126768,24.51,28.11168144,69.76,0.5808345,6,7.57569214,0.008456386,0.002596151,0.010532426,0.003413248,0,-1.803176066,2.8991,Monoclinic,4.668492071,5.021328752,5.73270034,89.99996563,89.99994493,90.5945546
P,4.1,mp-568348,3405.062771,1202.979204,1139.037172,4.8828125,2,3,0,0,84,44,0,147.6944065,30.973762,0,30.973762,2.19,0,0,24.93,0,0,0.2097152,1,2.149089864,0.001468927,0,0.001468927,0.001468927,0,0,1.8449,Monoclinic,9.26050591,9.290484327,23.60402364,98.13418361,90,90
PbBr2,30,mp-862868,21196.75388,18386.988,3014.157776,5.029729498,2,4,10,4.666666667,6,163.3333333,46.19764304,449.2564845,122.336,60.00790988,33.49377873,2.573333333,1.16,0.546829244,30.23333333,11.92653438,25.3,0.8169231,3,5.137048512,0.001581597,0.000360222,0.001876855,0.000936701,0,-0.93577979,2.5709,Tetragonal,7.17083602,7.17083602,4.61425229,90,90,90
PbCO3,18.6,mp-19893,24170.09886,18273.30166,18249.86286,3.796817792,2,3.2,2,2.8,20,99,55.38591879,385.2023859,53.4416,76.89471383,3.628513003,2.934,1.64,0.663554067,16.67,16.3267829,41.86,0.6936821,5,6.271761057,0.008251995,0.002689779,0.010592209,0.002845895,0,-1.827885809,3.3293,Orthorhombic,5.22603663,6.28282466,8.61872605,90,90,90
PbCl2,33.5,mp-862871,20948.534,18328.81615,575.1591279,4.414271732,2,4,3.333333333,4.666666667,6,153.3333333,39.12657523,387.0713978,92.7,80.96372645,16.32819829,2.706666667,1.36,0.641110148,32.32,10.45103823,22.17,0.7184721,3,4.436946764,0.002603119,0.000728525,0.003206917,0.001341572,0,-1.551976562,3.0963,Tetragonal,6.81523095,6.81523095,4.48171299,90,90,90
HfPbO3,390,mp-22734,37852.85953,19795.24515,19553.39493,3.436181231,2,2.8,2.4,5.6,40,112.2,30.65550522,400.0539448,86.7374,87.11089634,5.052022467,2.684,2.14,0.939310385,34.364,40.68749272,103.76,1.0840713,5,10.057653,0.00627203,0.002780263,0.008976731,0.002147868,0.008007641,-3.010793841,2.7161,Orthorhombic,5.89738698,8.2418127,11.78521845,90,90,90
PbI2,20.8,mp-22883,19877.38054,7202.740462,6262.599888,4.555337619,2,4,10,4.666666667,3,179.3333333,57.51135154,462.8924029,153.6696467,37.85167584,48.57636994,2.373333333,0.86,0.405407888,38.76666667,5.89255651,12.5,0.9959311,3,5.11264348,0.001109425,0.000178497,0.001253543,0.000777805,0,-0.675798517,2.4224,Trigonal,8.328713257,8.328713254,8.328713249,32.66988071,32.66988077,32.66988071
MoPbO4,34,mp-25054,21443.02524,17968.43604,4244.391232,3.251488928,1.833333333,3,2.5,2.333333333,12,117.8333333,25.68019124,401.5379679,61.191,71.52631639,3.769829648,2.953333333,1.64,0.696052361,23.42666667,26.74458865,67.26,0.9143494,6,6.480484492,0.008137887,0.002804289,0.010391781,0.002792045,0,-2.003353949,2.9184,Tetragonal,5.529386792,5.528623089,7.290963203,112.2749732,112.2844575,89.98551337
Pb(NO3)2,16.8,mp-20820,23342.4001,18408.312,18408.312,3.098443441,2,3.555555556,1.111111111,1.555555556,36,133.3333333,13.27487183,386.7218884,36.80088889,60.25067201,1.913379607,3.168888889,1.64,0.510782503,10.41555556,13.00564588,41.86,0.8564501,9,4.309476379,0.012487357,0.002984516,0.014586473,0.003919067,0,-1.168448839,3.5995,Cubic,7.99213065,7.99213065,7.99213065,90,90,90
PbO,25.9,mp-19921,21411.29917,17791.28808,81.22205807,5.493081459,2,3,5,7,4,116.5,18.5,396.1643592,111.5995,95.6005,14.85218482,2.62,1.64,0.82,26.17,20.93,41.86,0.5634,2,8.470751792,0.003039012,0.001613198,0.00523547,0.001406656,0,-1.488116003,1.4695,Tetragonal,4.06248076,4.06248076,5.30233896,90,90,90
PbSO4,14.3,mp-3472,24141.05746,18294.99182,18172.98374,3.371080288,2,3.666666667,1.666666667,2.333333333,24,137,24.98666311,356.50929,50.54266667,70.304325,3.496095251,3.023333333,1.64,0.630810766,15.49833333,15.85641449,41.86,0.8506258,6,6.032096928,0.008584661,0.002783889,0.010790939,0.002899289,0,-2.041720157,3.987,Orthorhombic,5.5354931,7.07806803,8.52292265,90,90,90
Ta2PbO6,300,mp-771957,31867.4164,19333.65422,18039.82294,2.884311,2,2.888888889,1.777777778,4.666666667,36,116.8888889,26.57251899,488.2101131,73.89886222,82.1939049,2.558182011,2.826666667,1.94,0.871218814,28.28222222,34.43544485,82.76,1.3623023,9,8.87944745,0.009717652,0.003568475,0.012614939,0.003389358,0,-3.021545149,2.6067,Orthorhombic,11.19548217,7.73606446,5.74436537,90,90,90
TePb,400,mp-19717,19722.23004,6438.943093,0,4.823607498,2,3,10,7,2,159.5,61.5,354.0843171,167.4,39.8,78.96869773,1.95,0.3,0.15,42.05,5.05,10.1,0.9455375,2,7.854950499,0.0006647,4.52E-05,0.000720688,0.000610036,0,-0.413971445,0.8072,Cubic,4.643035649,4.643035649,4.64303565,59.99999992,59.99999992,59.99999995
TiPbO3,200,mp-20459,19618.71539,848.0579616,78.84590932,3.268641888,2,2.8,2.4,2.8,5,117.8,21.40467239,323.7941775,60.6128,74.32554887,4.689789341,2.732,1.9,0.871008611,35.432,42.65509414,109.1,0.9359773,5,7.320137056,0.006640463,0.002762199,0.009316959,0.002503263,0,-2.747830816,1.8161,Tetragonal,3.87235109,3.87235109,4.58475851,90,90,90
PbWO4,23.6,mp-540719,27603.3983,18752.997,18692.09013,3.599642991,2,3,2.333333333,4.666666667,24,117.3333333,26.63748403,491.3414136,75.83933333,84.8952597,3.841995722,2.876666667,1.74,0.797196477,23.84333333,27.51427852,69.76,0.9261096,6,7.907806507,0.007990556,0.00285558,0.010293722,0.002765698,0,-2.059811439,3.1122,Monoclinic,5.1079754,5.686931925,13.19868404,94.52725046,90,90
Rb2CO3,4.87,mp-4138,5280.620212,2808.927181,2744.281669,1.11657937,1.666666667,2.333333333,0,0,24,116.8333333,56.34245488,71.9822039,38.4906,33.24780711,3.399402308,2.418333333,2.62,1.173178257,112.3083333,146.1116943,313.56,3.208343,6,3.308963678,0.006547284,0.003849631,0.010943332,0.001400358,0,-2.101758957,3.2778,Monoclinic,5.976679493,7.652013308,10.18789235,90,90,95.75614907
RbCl,4.91,mp-23295,2916.005451,434.4998417,0,1.573016247,1.5,2.5,0,0,2,166.5,14.5,74.79914993,60.4589,25.0089,25.05696854,1.99,2.34,1.17,171.865,146.935,293.87,1.6165665,2,2.671979163,0.00141992,0.00086674,0.002588765,0.000515794,0,-2.242800782,4.8393,Cubic,4.736715864,4.736715865,4.73671586,60.00000003,60.00000003,60.00000002
RbF,5.91,mp-11718,2906.505376,92.73863015,0,1.609651561,1.5,2.5,0,0,2,140.25,11.75,67.66741243,52.23310158,33.23469842,15.54332093,2.4,3.16,1.58,161.25,157.55,315.1,1.5438185,2,3.671083029,0.002918097,0.002422701,0.0062774,0.00065489,0,-2.896491538,5.5244,Cubic,4.058029692,4.058029696,4.05802969,59.99999996,59.99999993,59.99999994
RbHSO4,6.4,mp-707377,4994.506024,2800.551183,2748.531172,1.555523209,1.714285714,2.857142857,0,0,56,119.7142857,66.52972329,96.6138945,26.07597143,25.62861822,0.778227712,2.765714286,2.62,0.922649247,52.74244392,108.8332483,314.2928926,1.8892914,7,2.576310501,0.017067993,0.006588352,0.022871651,0.002926759,0.019533022,-2.051501297,4.6737,Monoclinic,14.8960072,4.81949852,14.96618805,90,118.8345573,90
RbP(HO2)2,42,mp-23667,3302.429827,2584.295762,467.5647978,1.434633043,1.625,2.375,0,0,16,82.5,76.13967428,93.88020163,22.80669525,25.320101,0.438956838,2.64625,2.62,0.898734353,46.71302686,103.0464387,314.2928926,1.9434722,8,2.709811797,0.022101969,0.008327034,0.030453692,0.00389699,0,-2.242482319,5.2329,Orthorhombic,6.653561133,6.653561136,6.60119464,108.0008058,108.0008058,112.7557603
RbI,4.94,mp-22903,6942.255725,2833.812326,0,2.264363122,1.5,2.5,5,0,2,186,34,120.9894343,106.186135,20.718335,51.07185538,1.74,1.84,0.92,176.7,142.1,284.2,1.755296,2,3.359967112,0.000756918,0.000355069,0.001222534,0.000361285,0,-1.516415315,3.777,Cubic,5.29471124,5.294711245,5.29471124,60.00000003,60,60.00000003
RbNO3,30,mp-5073,5554.427063,2690.976174,2689.217564,1.687520628,1.8,3,0,0,45,140.6,7.11617875,87.49151244,29.49436,27.99735177,3.695424484,2.836,2.62,1.019835281,68.424,125.1913367,313.56,1.6855555,5,2.926984182,0.007854286,0.003242164,0.010495876,0.001343099,0,-1.493736432,3.2401,Trigonal,10.74204847,10.74204847,7.53490842,90,90,120
S,3.75,mp-96,2048.451471,659.7455868,608.6905688,5.412152729,2,4,0,0,32,184,0,156.5136989,32.06,0,32.06,2.58,0,0,24.93,0,0,0.2048383,1,1.477752744,0.001579463,0,0.001579463,0.001579463,0,0,2.765,Monoclinic,9.248054106,9.721096757,13.64206067,90,90,109.9284229
H4CSN2,3,mp-23930,655.1274034,356.7615537,352.3013717,2.176746235,1.5,1.5,0,0,32,39.5,93.43848244,120.2198031,9.514625,10.27338408,0.236659042,2.50125,0.84,0.344979619,9.836053712,7.630352616,20.42289258,0.6331486,8,1.281348666,0.026105046,0.002328757,0.02754688,0.018383559,0,-0.487708204,3.6175,Orthorhombic,5.74980095,7.92450374,8.66005262,90,90,90
Sb2O3,12.8,mp-2136,10574.25081,6293.13623,6248.12962,3.291088291,2,3.6,4,0,20,111.4,28.90397896,328.9059421,58.3034,51.81209694,4.90346367,2.884,1.39,0.680958148,20.024,18.10662818,36.96,0.8863233,5,5.355849551,0.006413146,0.002643004,0.009111699,0.0028755,0,-1.767939256,2.2239,Orthorhombic,5.19291536,5.51549052,12.62266246,90,90,90
Sb2S3,15,mp-2809,10279.0881,6343.348322,6006.992205,2.601527934,2,3.6,4,0,20,140.8,52.90897844,239.4866455,67.94,43.94384599,9.090884024,2.368,0.53,0.259645913,31.838,8.460537572,17.27,1.4184507,5,4.278224775,0.002637588,0.000340162,0.002966116,0.002111844,0,-0.65299885,1.2828,Orthorhombic,3.8703401,11.23080103,12.13389725,90,90,90
Sb2Se3,110,mp-2160,11888.2076,6520.256776,6089.699633,3.096352518,2,3.6,10,0,20,149.2,59.76754972,295.2630014,96.0866,20.96224332,18.37749361,2.35,0.5,0.244948974,32.624,7.818771259,15.96,1.6271358,5,5.341824009,0.001732295,0.000156442,0.001881412,0.001485326,0,-0.260578215,0.7564,Orthorhombic,4.0299374,11.54142749,12.8429457,90,90,90
SbSI,25,mp-23041,10979.15963,6647.721384,6594.937069,3.890626645,2,4,6.666666667,0,12,160,61.18823416,335.4725903,93.57482333,43.54822239,21.14865235,2.43,0.61,0.270678161,33.91,7.067309719,17.27,0.836803,3,4.662201181,0.001734781,0.000204723,0.001944687,0.001384597,0,-0.538381871,1.6354,Orthorhombic,4.11074164,9.01978266,10.78672958,90,90,90
Se,11,mp-570481,14313.45547,4073.098675,4029.104216,7.636035483,2,4,10,0,64,198,0,287.7951895,78.971,0,78.971,2.55,0,0,26.24,0,0,0.2744,1,3.43840695,0.000907597,0,0.000907597,0.000907597,0,0,1.6545,Monoclinic,10.15386339,15.30902371,15.73918137,90,94.04286936,90
Si,11.7,mp-149,364.3982143,198.8596778,0,4.170317292,2,2,0,0,2,26,0,122.1103946,28.085,0,28.085,1.9,0,0,37.31,0,0,0.2299968,1,2.281194137,0.001393319,0,0.001393319,0.001393319,0,0,0.6119,Cubic,3.866974623,3.866974624,3.86697462,60.00000003,60.00000002,60.00000002
Si3N4,4.2,mp-988,715.606543,248.5772584,241.2500664,2.136524863,2,2.571428571,0,0,14,94.57142857,59.38459912,140.0777021,20.04042857,6.96680322,2.548484365,2.551428571,1.14,0.564153692,20.33285714,14.702637,29.71,1.0014656,7,3.134177237,0.00677096,0.001536113,0.008394464,0.004625374,0,-1.312374812,4.2451,Hexagonal,7.66030722,7.660307217,2.92508486,90,90,120
SiO,5.8,mp-32761,690.3386174,281.4629037,281.4626412,4.406874778,2,3,0,0,12,80.5,54.5,171.2270639,22.042,6.043,10.19263032,2.67,1.54,0.77,21.275,16.035,32.07,0.2574593,2,2.580199827,0.004102295,0.001663636,0.006319864,0.002312835,0.402564582,-2.060920436,0,Hexagonal,4.53295967,4.532959578,9.566267,90,90,120.0000007
SiO2,4.42,mp-546794,463.7814972,219.0772535,49.62163093,4.326498169,2,3.333333333,0,0,6,98.66666667,51.38309277,210.8754051,20.02766667,5.697395038,6.226106985,2.926666667,1.54,0.725962962,15.93,15.11794298,32.07,0.2849218,3,2.106945795,0.006386574,0.002034803,0.008086165,0.002959236,0,-3.284646691,5.7034,Tetragonal,5.138208525,5.139162928,5.138918848,88.54084972,120.8402027,120.8416175
SnO2,14,mp-856,6682.82678,5316.219679,96.31384144,4.248838609,2,3.333333333,3.333333333,0,6,108.3333333,37.71236166,313.9241181,50.236,48.41842973,7.494470778,2.946666667,1.48,0.697678691,17.62666667,17.51739199,37.16,0.4800778,3,6.60886696,0.005598832,0.002097642,0.007370219,0.002232171,0,-2.124798814,0.6519,Tetragonal,3.24322132,4.82933499,4.83533691,90,90,90
SnSb,147,mp-10635,6960.058763,5285.280594,0,4.186967176,2,2.5,10,0,2,65.5,10.5,290.7314495,120.235,1.525,60.10782884,2.005,0.09,0.045,42.3,0.1,0.2,0.8271207,2,6.752743184,0.000804709,1.35E-05,0.000821295,0.000788193,0.008763365,0.008763365,0,Cubic,4.373021133,4.373021131,4.37302113,59.99999993,59.99999994,59.99999999
SrCO3,8.85,mp-3822,4216.53053,2807.313003,2804.975003,2.041611794,2,2.8,0,0,20,103,55.88917605,128.1958099,29.5256,29.08823558,3.543816504,2.764,2.49,0.970290678,44.45,71.02230804,180.76,1.1515821,5,3.635955523,0.008051739,0.003158764,0.010718037,0.001702836,0,-2.715620141,4.4254,Orthorhombic,5.16318577,6.1369109,8.51126874,90,90,90
SrF2,6.465,mp-981,3105.668896,112.9851308,69.9158472,2.274553354,2,3.333333333,0,0,3,125,4.949747468,121.8544172,41.87226878,32.34853097,8.570087367,2.97,3.03,1.428355698,64.46666667,85.93704414,182.3,1.0308761,3,4.133835294,0.005783949,0.003127018,0.008453938,0.001095004,0,-4.253620554,6.7493,Cubic,4.147816604,4.1478166,4.1478166,60,60.00000003,59.99999994
SrMoO4,31.7,mp-18834,4942.522343,3511.410388,2985.459292,1.97143671,1.833333333,2.666666667,0.833333333,0,12,121.1666667,24.14136607,180.4088965,41.261,35.80669904,3.678490509,2.811666667,2.49,0.954784734,46.57666667,67.01463165,180.76,1.3722494,6,4.474010691,0.008010605,0.003162829,0.010520007,0.001671374,0,-2.736990001,3.8051,Tetragonal,5.487987093,5.488469413,7.230398864,112.3040844,112.3040455,89.99075833
Sr(NO3)2,5.33,mp-4157,4122.13496,2841.459774,2841.459774,2.01439128,2,3.333333333,0,0,36,135.5555556,7.661028523,161.0134164,23.51422222,22.67940006,1.889565806,3.074444444,2.49,0.768651216,25.84888889,56.6301648,180.76,1.3143501,9,2.83099145,0.012350994,0.00345569,0.0146781,0.002331993,0,-1.669769042,3.7142,Cubic,7.91861275,7.91861275,7.91861275,90,90,90
Sr2Nb2O7,39,mp-15590,11365.21239,5820.154468,5390.894927,1.347836712,1.818181818,2.545454545,0.727272727,0,88,120.4545455,23.71943444,168.8038534,43.00415818,35.76000578,2.07520444,2.652727273,2.49,1.059743459,56.42545455,71.87998335,180.76,2.8023397,11,4.961318698,0.010119367,0.004459698,0.014006203,0.002225245,0,-3.315787068,2.7521,Orthorhombic,5.80353835,7.97143494,27.37904409,90,90,90
SrO,13.3,mp-2472,3098.013091,69.00727809,0,1.979034338,2,2,0,0,2,126.5,8.5,101.4579458,51.8095,35.8105,13.52871944,2.195,2.49,1.245,95.62,90.38,180.76,1.0213,2,4.877525362,0.002797183,0.001959371,0.00548558,0.000871525,0,-3.093705876,3.2748,Cubic,3.681305543,3.681305542,3.68130554,60.00000002,60.00000003,60.00000006
SrS,9.4,mp-1087,3108.288468,373.2386471,0,1.826750046,2,2,0,0,2,151,33,99.84351065,59.84,27.78,23.47173463,1.765,1.63,0.815,105.465,80.535,161.07,1.1986758,2,3.566052971,0.001213847,0.000486772,0.001845944,0.000661661,0,-2.482368167,2.497,Cubic,4.287511824,4.287511818,4.28751182,59.99999999,60.00000003,60.00000002
SrSO4,11.5,mp-5285,4332.318074,2798.499454,2780.978636,2.01886937,2,3.333333333,0,0,24,140.3333333,20.49119052,140.36865,30.61266667,26.16030021,3.417400692,2.881666667,2.49,0.919173844,38.64833333,66.28872866,180.76,1.3085258,6,3.796933086,0.008445094,0.003175772,0.010914477,0.001734045,0,-2.811970852,5.9094,Orthorhombic,5.45618356,6.96675686,8.45326529,90,90,90
SrTiO3,41.6,mp-4651,3609.194751,2726.724939,929.0412738,1.855702471,2,2.4,0.4,0,10,121.8,19.07249328,131.6356899,36.6968,28.29537927,4.549262313,2.562,2.49,1.091391772,63.212,74.52948904,180.76,1.3938773,5,4.972060889,0.006489669,0.003087285,0.009459766,0.001502927,0,-3.569373983,1.8488,Tetragonal,5.567728408,5.567728405,5.579460693,119.9304655,119.9304655,89.99999999
SrWO4,25.7,mp-19163,16870.55631,13982.64842,3336.684858,2.353605875,2,2.666666667,0.666666667,2.333333333,12,120.6666667,25.22344588,242.3798216,55.90933333,62.90622741,3.747170071,2.735,2.49,1.02025732,46.99333333,67.18207863,180.76,1.3840096,6,6.042813862,0.007865585,0.003201012,0.010423154,0.001655986,0,-2.75130082,4.6571,Tetragonal,5.52200959,5.522355873,7.197284548,112.5652819,112.5532103,90.00331016
Ta2O5,24,mp-10390,19440.97423,13493.3548,13282.39944,3.48705342,2,2.857142857,0.857142857,4,14,117,28.46049894,553.1224031,63.12725143,74.51630833,3.090498076,2.885714286,1.94,0.876402666,28.88571429,37.38715702,82.76,0.7989023,7,8.433247774,0.009211143,0.003108972,0.011477218,0.003306208,0.007567819,-3.347980731,1.2267,Monoclinic,4.929963372,5.59861805,6.928421739,102.2912839,110.8411484,90.00000001
ThO2,18.9,mp-643,24506.38007,89.12083151,50.7394734,8.533849173,1.333333333,2.666666667,0,0,3,135,0,582.5762403,15.999,0,7.9995,3.44,0,0,5.24,0,0,0.054925,3,9.882024501,0.007133776,0,0.007133776,0.007133776,0,-4.386555641,4.417,Cubic,3.973692257,3.973692257,3.97369226,59.99999998,59.99999997,59.99999994
TiO2,44.1,mp-554278,1423.363294,705.2443182,686.3179128,3.783477612,2,2.666666667,0.666666667,0,12,118.6666667,23.09882152,214.3582016,26.62166667,15.02271927,6.854055051,2.806666667,1.9,0.89566859,41.60666667,51.43023322,109.1,0.3725773,3,3.615938926,0.005878425,0.002178551,0.007706853,0.002280102,0,-3.518493931,2.6774,Monoclinic,3.76693666,6.435368123,6.616212582,106.1821843,90,107.0181442
Ti2O3,44.95,mp-458,1445.752136,722.8500211,686.5970404,2.691736781,2,2.4,0.8,0,10,115.4,24.00499948,200.2683323,28.7462,15.61206782,4.361210104,2.68,1.9,0.930806102,48.88,53.44786619,109.1,0.7176921,5,4.51256814,0.006770043,0.00285066,0.009661562,0.00285841,0,-3.318443193,0,Trigonal,5.526384974,5.526384976,5.526384974,55.11275239,55.11275243,55.11275241
TlBr,30.6,mp-568560,19067.71097,2497.112963,0,5.860667206,2,3,10,7,2,173,23,443.8373625,142.142,62.238,57.44529949,2.38,1.16,0.58,36.75,14.95,29.9,0.6405139,2,6.05575261,0.001060756,0.000287899,0.00143313,0.000731978,0,-0.88567793,2.2965,Cubic,4.794954158,4.794954414,4.79495391,60.00000341,60.00000164,59.99999856
TlCl,33.2,mp-569639,19034.97601,439.2294676,0,5.361974956,2,3,5,7,2,165.5,15.5,405.6057924,119.915,84.465,30.21002794,2.48,1.36,0.68,38.315,13.385,26.77,0.5912884,2,5.716619605,0.001626318,0.00055635,0.00235766,0.001009368,0,-1.312501797,2.5365,Cubic,4.61863026,4.618630453,4.61863046,60.00000788,60.00000655,60.00000132
TlI,21.2,mp-571102,19143.33654,6756.431697,0,5.489649109,2,3,10,7,2,185,35,453.803215,165.642235,38.737765,78.29143207,2.23,0.86,0.43,43.15,8.55,17.1,0.7300179,2,6.050143991,0.000800706,0.000147421,0.000987404,0.000627001,0,-0.68152674,2.2086,Cubic,5.047402621,5.047402597,5.04740202,59.99999665,59.99999676,59.9999935
TlNO3,13.6,mp-5915,28079.90763,18873.84562,18601.27484,3.891676965,2,3.2,2,2.8,40,140.2,6.493073232,403.4425531,53.2768,75.55553899,3.790787339,3.032,1.64,0.635181864,15.004,18.37075241,46.46,0.6602774,5,5.403458585,0.008179128,0.002569265,0.010363016,0.002849446,0,-1.075810798,2.7867,Orthorhombic,6.40636742,8.18021455,12.49699699,90,90,90
Tl2SO4,25.5,mp-4112,29286.5957,18480.34664,18288.07626,3.02114976,2,3.142857143,2.857142857,4,28,146.2857143,16.73076111,383.9691861,72.11657143,83.82676463,3.436510728,2.848571429,1.64,0.72410395,21.32714286,20.33008377,46.46,1.3147305,7,6.427090167,0.007655713,0.003121205,0.010884087,0.002992721,0,-1.78241661,3.7965,Orthorhombic,5.98118433,7.97579446,10.93649062,90,90,90
UO2,24,mp-1597,32855.88951,25143.58649,25132.98136,8.533849173,1.333333333,2.666666667,0,0,15,135,0,582.5762403,15.999,0,7.9995,3.44,0,0,5.24,0,0,0.054925,3,11.25162193,0.007133776,0,0.007133776,0.007133776,0,-3.767052691,0,Cubic,3.834050454,3.825739791,19.18536248,60.09764863,60.00895829,60.07167863
YMnO3,20,mp-19385,5806.818705,3435.653036,2911.888791,2.505037226,2,2.4,1.2,0,30,112.2,28.93717332,214.9718075,38.3681768,29.42704917,4.60910424,2.618,2.22,1.012134378,47.104,58.06837129,147.76,0.8924002,5,4.901927995,0.006675698,0.002836868,0.009398155,0.002043792,0,-3.05003885,0,Hexagonal,6.23302198,6.233021983,11.58909017,90,90,120
Y2O3,10,mp-2652,9285.643972,3124.306217,3124.306216,1.991440349,2,2.4,0.4,0,40,117,22.04540769,186.5666439,45.161736,35.71691135,4.761736297,2.552,2.22,1.087573446,64.344,72.38732088,147.76,1.2103379,5,4.892006167,0.006088736,0.003083729,0.009246305,0.002010769,0,-3.986009229,4.0531,Cubic,9.269841457,9.26984146,9.26984146,109.4712206,109.4712206,109.4712206
ZnS,8.2,mp-10695,1783.764344,358.3860251,0,4.386951922,2,2,5,0,2,122,62,208.3629587,48.72,16.66,21.51152299,2.115,0.93,0.465,31.865,6.935,13.87,0.4676455,2,3.998929486,0.001673557,0.000207846,0.001928215,0.001419098,0,-1.140633007,2.0186,Cubic,3.853922998,3.853922998,3.853923,59.99999998,59.99999998,59.99999999
ZnSe,9.31,mp-1190,2573.997571,1548.880327,0,5.104968957,2,2,10,0,2,129,69,268.7063762,72.1755,6.7955,35.76784352,2.1,0.9,0.45,32.52,6.28,12.56,0.5372072,2,5.064264209,0.001227251,0.000101343,0.001348592,0.001100529,0,-0.711749569,1.1693,Cubic,4.060447342,4.060447347,4.06044735,60.00000006,60.00000002,60.0000001
ZnWO4,16.1,mp-18918,17179.28325,13626.53834,1992.125626,3.780669218,2,2.666666667,2.333333333,2.333333333,12,111,33.98529094,479.6721734,52.20266667,61.56954274,3.693439554,2.851666667,1.79,0.832154166,22.46,26.50019119,69.76,0.6529793,6,7.493223085,0.00830585,0.002727173,0.010498696,0.003402318,0,-2.057465394,3.2609,Monoclinic,4.743209021,5.043090871,5.80555396,90,90,88.67599763
ZrO2,23,mp-2858,5018.275151,3054.838607,3031.643886,3.388401131,2,2.666666667,0.666666667,0,12,109.6666667,35.82674358,265.2645175,41.074,35.46140508,7.354572133,2.736666667,2.11,0.994663539,43.82666667,54.56978733,115.76,0.464525,3,5.563610493,0.005542559,0.002252892,0.007439987,0.001879369,0,-3.832750589,3.4737,Monoclinic,5.233649151,5.2684599,5.418476207,90,100.0548452,90
